Run,OS,Combination,Time(m)Raw,Min,Seconds,Time(m)Normalized,Accelerator,Integrator
1,Windows11,pavilion-day_kdtree_volpath.pbrt,28.93004808,,,28.93004808,kdtree,volpath
1,Windows11,dragon-10_kdtree_volpath.pbrt,33.35069544,,,33.35069544,kdtree,volpath
1,Windows11,killeroo-gold_bvh_volpath.pbrt,7.952916305,,,7.952916305,bvh,volpath
1,Windows11,dragon-10_bvh_path.pbrt,11.09793284,,,11.09793284,bvh,path
1,Windows11,vw-van_bvh_volpath.pbrt,13.97654863,,,13.97654863,bvh,volpath
1,Windows11,dragon-10_bvh_volpath.pbrt,11.34338647,,,11.34338647,bvh,volpath
1,Windows11,dragon-10_kdtree_path.pbrt,32.57571121,,,32.57571121,kdtree,path
1,Windows11,vw-van_kdtree_path.pbrt,17.66341061,,,17.66341061,kdtree,path
1,Windows11,killeroo-gold_bvh_path.pbrt,7.77441853,,,7.77441853,bvh,path
1,Windows11,killeroo-gold_kdtree_volpath.pbrt,12.38218186,,,12.38218186,kdtree,volpath
1,Windows11,vw-van_bvh_path.pbrt,13.71696221,,,13.71696221,bvh,path
1,Windows11,pavilion-day_bvh_volpath.pbrt,28.07549991,,,28.07549991,bvh,volpath
1,Windows11,vw-van_kdtree_volpath.pbrt,18.2528488,,,18.2528488,kdtree,volpath
1,Windows11,killeroo-gold_kdtree_path.pbrt,12.04750434,,,12.04750434,kdtree,path
1,Windows11,pavilion-day_bvh_path.pbrt,24.57467019,,,24.57467019,bvh,path
1,Windows11,pavilion-day_kdtree_path.pbrt,25.50264961,,,25.50264961,kdtree,path
1,Ubuntu-22-04-VM-Minimal,killeroo-gold_kdtree_volpath.pbrt,10m10.377s,10,10.377,10.17295,kdtree,volpath
1,Ubuntu-22-04-VM-Minimal,killeroo-gold_bvh_volpath.pbrt,6m56.512s,6,56.512,6.941866667,bvh,volpath
1,Ubuntu-22-04-VM-Minimal,dragon-10_bvh_volpath.pbrt,12m4.944s,12,4.944,12.0824,bvh,volpath
1,Ubuntu-22-04-VM-Minimal,vw-van_bvh_volpath.pbrt,12m39.601s,12,39.601,12.66001667,bvh,volpath
1,Ubuntu-22-04-VM-Minimal,killeroo-gold_kdtree_path.pbrt,9m55.311s,9,55.311,9.92185,kdtree,path
1,Ubuntu-22-04-VM-Minimal,vw-van_bvh_path.pbrt,12m19.552s,12,19.552,12.32586667,bvh,path
1,Ubuntu-22-04-VM-Minimal,vw-van_kdtree_path.pbrt,15m10.583s,15,10.583,15.17638333,kdtree,path
1,Ubuntu-22-04-VM-Minimal,pavilion-day_bvh_path.pbrt,22m14.940s,22,14.94,22.249,bvh,path
1,Ubuntu-22-04-VM-Minimal,dragon-10_bvh_path.pbrt,11m48.830s,11,48.83,11.81383333,bvh,path
1,Ubuntu-22-04-VM-Minimal,pavilion-day_kdtree_volpath.pbrt,24m30.256s,24,30.256,24.50426667,kdtree,volpath
1,Ubuntu-22-04-VM-Minimal,dragon-10_kdtree_volpath.pbrt,30m50.336s,30,50.336,30.83893333,kdtree,volpath
1,Ubuntu-22-04-VM-Minimal,dragon-10_kdtree_path.pbrt,29m35.862s,29,35.862,29.5977,kdtree,path
1,Ubuntu-22-04-VM-Minimal,killeroo-gold_bvh_path.pbrt,6m46.554s,6,46.554,6.7759,bvh,path
1,Ubuntu-22-04-VM-Minimal,pavilion-day_kdtree_path.pbrt,21m40.315s,21,40.315,21.67191667,kdtree,path
1,Ubuntu-22-04-VM-Minimal,vw-van_kdtree_volpath.pbrt,15m40.557s,15,40.557,15.67595,kdtree,volpath
1,Ubuntu-22-04-VM-Minimal,pavilion-day_bvh_volpath.pbrt,25m29.879s,25,29.879,25.49798333,bvh,volpath
1,Ubuntu-22-04-WSL,dragon-10_kdtree_path.pbrt,26m54.703s,26,54.703,26.91171667,kdtree,path
1,Ubuntu-22-04-WSL,vw-van_kdtree_volpath.pbrt,14m15.069s,14,15.069,14.25115,kdtree,volpath
1,Ubuntu-22-04-WSL,pavilion-day_kdtree_path.pbrt,19m44.460s,19,44.46,19.741,kdtree,path
1,Ubuntu-22-04-WSL,killeroo-gold_kdtree_volpath.pbrt,9m24.936s,9,24.936,9.4156,kdtree,volpath
1,Ubuntu-22-04-WSL,dragon-10_bvh_volpath.pbrt,10m17.828s,10,17.828,10.29713333,bvh,volpath
1,Ubuntu-22-04-WSL,killeroo-gold_kdtree_path.pbrt,9m9.943s,9,9.943,9.165716667,kdtree,path
1,Ubuntu-22-04-WSL,pavilion-day_bvh_path.pbrt,20m39.047s,20,39.047,20.65078333,bvh,path
1,Ubuntu-22-04-WSL,dragon-10_kdtree_volpath.pbrt,26m53.918s,26,53.918,26.89863333,kdtree,volpath
1,Ubuntu-22-04-WSL,vw-van_kdtree_path.pbrt,13m45.028s,13,45.028,13.75046667,kdtree,path
1,Ubuntu-22-04-WSL,pavilion-day_bvh_volpath.pbrt,23m14.027s,23,14.027,23.23378333,bvh,volpath
1,Ubuntu-22-04-WSL,dragon-10_bvh_path.pbrt,10m7.878s,10,7.878,10.1313,bvh,path
1,Ubuntu-22-04-WSL,vw-van_bvh_volpath.pbrt,11m9.029s,11,9.029,11.15048333,bvh,volpath
1,Ubuntu-22-04-WSL,pavilion-day_kdtree_volpath.pbrt,22m19.451s,22,19.451,22.32418333,kdtree,volpath
1,Ubuntu-22-04-WSL,killeroo-gold_bvh_path.pbrt,6m18.207s,6,18.207,6.30345,bvh,path
1,Ubuntu-22-04-WSL,vw-van_bvh_path.pbrt,11m4.041s,11,4.041,11.06735,bvh,path
1,Ubuntu-22-04-WSL,killeroo-gold_bvh_volpath.pbrt,6m28.194s,6,28.194,6.4699,bvh,volpath
1,Ubuntu-22-04-VM,pavilion-day_bvh_volpath.pbrt,25m18.006s,25,18.006,25.3001,bvh,volpath
1,Ubuntu-22-04-VM,dragon-10_bvh_volpath.pbrt,11m58.110s,11,58.11,11.9685,bvh,volpath
1,Ubuntu-22-04-VM,pavilion-day_kdtree_volpath.pbrt,24m20.155s,24,20.155,24.33591667,kdtree,volpath
1,Ubuntu-22-04-VM,dragon-10_kdtree_path.pbrt,29m39.730s,29,39.73,29.66216667,kdtree,path
1,Ubuntu-22-04-VM,vw-van_kdtree_volpath.pbrt,15m30.578s,15,30.578,15.50963333,kdtree,volpath
1,Ubuntu-22-04-VM,killeroo-gold_kdtree_path.pbrt,9m50.311s,9,50.311,9.838516667,kdtree,path
1,Ubuntu-22-04-VM,dragon-10_kdtree_volpath.pbrt,30m59.875s,30,59.875,30.99791667,kdtree,volpath
1,Ubuntu-22-04-VM,vw-van_kdtree_path.pbrt,15m0.554s,15,0.554,15.00923333,kdtree,path
1,Ubuntu-22-04-VM,killeroo-gold_bvh_path.pbrt,6m45.497s,6,45.497,6.758283333,bvh,path
1,Ubuntu-22-04-VM,vw-van_bvh_path.pbrt,12m9.517s,12,9.517,12.15861667,bvh,path
1,Ubuntu-22-04-VM,killeroo-gold_kdtree_volpath.pbrt,10m5.248s,10,5.248,10.08746667,kdtree,volpath
1,Ubuntu-22-04-VM,pavilion-day_kdtree_path.pbrt,21m25.140s,21,25.14,21.419,kdtree,path
1,Ubuntu-22-04-VM,pavilion-day_bvh_path.pbrt,22m9.751s,22,9.751,22.16251667,bvh,path
1,Ubuntu-22-04-VM,dragon-10_bvh_path.pbrt,11m33.989s,11,33.989,11.56648333,bvh,path
1,Ubuntu-22-04-VM,vw-van_bvh_volpath.pbrt,12m29.515s,12,29.515,12.49191667,bvh,volpath
1,Ubuntu-22-04-VM,killeroo-gold_bvh_volpath.pbrt,6m53.513s,6,53.513,6.891883333,bvh,volpath
1,Ubuntu-22-04,vw-van_kdtree_path.pbrt,14m5.199s,14,5.199,14.08665,kdtree,path
1,Ubuntu-22-04,vw-van_bvh_volpath.pbrt,11m59.228s,11,59.228,11.98713333,bvh,volpath
1,Ubuntu-22-04,dragon-10_bvh_volpath.pbrt,10m53.495s,10,53.495,10.89158333,bvh,volpath
1,Ubuntu-22-04,dragon-10_kdtree_volpath.pbrt,27m26.677s,27,26.677,27.44461667,kdtree,volpath
1,Ubuntu-22-04,pavilion-day_bvh_path.pbrt,22m34.292s,22,34.292,22.57153333,bvh,path
1,Ubuntu-22-04,pavilion-day_kdtree_volpath.pbrt,24m29.790s,24,29.79,24.4965,kdtree,volpath
1,Ubuntu-22-04,vw-van_kdtree_volpath.pbrt,14m55.609s,14,55.609,14.92681667,kdtree,volpath
1,Ubuntu-22-04,pavilion-day_kdtree_path.pbrt,21m29.795s,21,29.795,21.49658333,kdtree,path
1,Ubuntu-22-04,vw-van_bvh_path.pbrt,11m39.272s,11,39.272,11.65453333,bvh,path
1,Ubuntu-22-04,dragon-10_bvh_path.pbrt,10m38.309s,10,38.309,10.63848333,bvh,path
1,Ubuntu-22-04,killeroo-gold_bvh_volpath.pbrt,7m4.244s,7,4.244,7.070733333,bvh,volpath
1,Ubuntu-22-04,dragon-10_kdtree_path.pbrt,26m41.593s,26,41.593,26.69321667,kdtree,path
1,Ubuntu-22-04,killeroo-gold_kdtree_path.pbrt,10m0.129s,10,0.129,10.00215,kdtree,path
1,Ubuntu-22-04,killeroo-gold_bvh_path.pbrt,6m55.255s,6,55.255,6.920916667,bvh,path
1,Ubuntu-22-04,killeroo-gold_kdtree_volpath.pbrt,10m25.058s,10,25.058,10.41763333,kdtree,volpath
1,Ubuntu-22-04,pavilion-day_bvh_volpath.pbrt,25m29.335s,25,29.335,25.48891667,bvh,volpath
2,Ubuntu-22-04-VM,pavilion-day_bvh_path.pbrt,22m39.581s,22,39.581,22.65968333,bvh,path
2,Ubuntu-22-04-VM,dragon-10_bvh_volpath.pbrt,12m1.240s,12,1.24,12.02066667,bvh,volpath
2,Ubuntu-22-04-VM,pavilion-day_bvh_volpath.pbrt,25m34.793s,25,34.793,25.57988333,bvh,volpath
2,Ubuntu-22-04-VM,killeroo-gold_kdtree_path.pbrt,10m5.295s,10,5.295,10.08825,kdtree,path
2,Ubuntu-22-04-VM,killeroo-gold_kdtree_volpath.pbrt,10m10.324s,10,10.324,10.17206667,kdtree,volpath
2,Ubuntu-22-04-VM,vw-van_bvh_volpath.pbrt,12m29.719s,12,29.719,12.49531667,bvh,volpath
2,Ubuntu-22-04-VM,dragon-10_kdtree_path.pbrt,29m25.042s,29,25.042,29.41736667,kdtree,path
2,Ubuntu-22-04-VM,vw-van_bvh_path.pbrt,12m14.623s,12,14.623,12.24371667,bvh,path
2,Ubuntu-22-04-VM,killeroo-gold_bvh_volpath.pbrt,6m57.539s,6,57.539,6.958983333,bvh,volpath
2,Ubuntu-22-04-VM,vw-van_kdtree_volpath.pbrt,15m45.468s,15,45.468,15.7578,kdtree,volpath
2,Ubuntu-22-04-VM,killeroo-gold_bvh_path.pbrt,6m47.455s,6,47.455,6.790916667,bvh,path
2,Ubuntu-22-04-VM,pavilion-day_kdtree_volpath.pbrt,24m45.424s,24,45.424,24.75706667,kdtree,volpath
2,Ubuntu-22-04-VM,pavilion-day_kdtree_path.pbrt,21m40.164s,21,40.164,21.6694,kdtree,path
2,Ubuntu-22-04-VM,dragon-10_kdtree_volpath.pbrt,30m15.036s,30,15.036,30.2506,kdtree,volpath
2,Ubuntu-22-04-VM,dragon-10_bvh_path.pbrt,11m39.282s,11,39.282,11.6547,bvh,path
2,Ubuntu-22-04-VM,vw-van_kdtree_path.pbrt,15m15.534s,15,15.534,15.2589,kdtree,path
2,Windows11,pavilion-day_bvh_path.pbrt,24.5699359,,,24.5699359,bvh,path
2,Windows11,dragon-10_kdtree_volpath.pbrt,34.04675609,,,34.04675609,kdtree,volpath
2,Windows11,killeroo-gold_kdtree_path.pbrt,12.05222198,,,12.05222198,kdtree,path
2,Windows11,dragon-10_bvh_path.pbrt,11.26684143,,,11.26684143,bvh,path
2,Windows11,pavilion-day_kdtree_path.pbrt,25.41080118,,,25.41080118,kdtree,path
2,Windows11,dragon-10_bvh_volpath.pbrt,11.60400971,,,11.60400971,bvh,volpath
2,Windows11,pavilion-day_kdtree_volpath.pbrt,28.84032557,,,28.84032557,kdtree,volpath
2,Windows11,killeroo-gold_bvh_volpath.pbrt,7.977077028,,,7.977077028,bvh,volpath
2,Windows11,vw-van_bvh_volpath.pbrt,14.23166845,,,14.23166845,bvh,volpath
2,Windows11,dragon-10_kdtree_path.pbrt,33.02836691,,,33.02836691,kdtree,path
2,Windows11,killeroo-gold_bvh_path.pbrt,7.892863263,,,7.892863263,bvh,path
2,Windows11,vw-van_bvh_path.pbrt,13.80992901,,,13.80992901,bvh,path
2,Windows11,vw-van_kdtree_path.pbrt,17.74479391,,,17.74479391,kdtree,path
2,Windows11,killeroo-gold_kdtree_volpath.pbrt,12.55408947,,,12.55408947,kdtree,volpath
2,Windows11,vw-van_kdtree_volpath.pbrt,18.58511358,,,18.58511358,kdtree,volpath
2,Windows11,pavilion-day_bvh_volpath.pbrt,27.99919307,,,27.99919307,bvh,volpath
2,Ubuntu-22-04-VM-Minimal,killeroo-gold_bvh_path.pbrt,6m41.850s,6,41.85,6.6975,bvh,path
2,Ubuntu-22-04-VM-Minimal,vw-van_bvh_path.pbrt,11m56.504s,11,56.504,11.94173333,bvh,path
2,Ubuntu-22-04-VM-Minimal,dragon-10_bvh_path.pbrt,11m17.860s,11,17.86,11.29766667,bvh,path
2,Ubuntu-22-04-VM-Minimal,killeroo-gold_bvh_volpath.pbrt,6m44.468s,6,44.468,6.741133333,bvh,volpath
2,Ubuntu-22-04-VM-Minimal,pavilion-day_kdtree_path.pbrt,20m50.214s,20,50.214,20.8369,kdtree,path
2,Ubuntu-22-04-VM-Minimal,dragon-10_kdtree_path.pbrt,29m4.534s,29,4.534,29.07556667,kdtree,path
2,Ubuntu-22-04-VM-Minimal,vw-van_bvh_volpath.pbrt,12m14.505s,12,14.505,12.24175,bvh,volpath
2,Ubuntu-22-04-VM-Minimal,vw-van_kdtree_volpath.pbrt,15m10.394s,15,10.394,15.17323333,kdtree,volpath
2,Ubuntu-22-04-VM-Minimal,pavilion-day_kdtree_volpath.pbrt,23m45.096s,23,45.096,23.7516,kdtree,volpath
2,Ubuntu-22-04-VM-Minimal,vw-van_kdtree_path.pbrt,14m40.320s,14,40.32,14.672,kdtree,path
2,Ubuntu-22-04-VM-Minimal,dragon-10_kdtree_volpath.pbrt,29m59.658s,29,59.658,29.9943,kdtree,volpath
2,Ubuntu-22-04-VM-Minimal,dragon-10_bvh_volpath.pbrt,11m53.867s,11,53.867,11.89778333,bvh,volpath
2,Ubuntu-22-04-VM-Minimal,pavilion-day_bvh_path.pbrt,21m49.861s,21,49.861,21.83101667,bvh,path
2,Ubuntu-22-04-VM-Minimal,killeroo-gold_kdtree_volpath.pbrt,9m50.294s,9,50.294,9.838233333,kdtree,volpath
2,Ubuntu-22-04-VM-Minimal,killeroo-gold_kdtree_path.pbrt,9m35.236s,9,35.236,9.587266667,kdtree,path
2,Ubuntu-22-04-VM-Minimal,pavilion-day_bvh_volpath.pbrt,24m39.625s,24,39.625,24.66041667,bvh,volpath
2,Ubuntu-22-04-WSL,dragon-10_bvh_path.pbrt,10m2.960s,10,2.96,10.04933333,bvh,path
2,Ubuntu-22-04-WSL,pavilion-day_bvh_path.pbrt,20m29.069s,20,29.069,20.48448333,bvh,path
2,Ubuntu-22-04-WSL,killeroo-gold_kdtree_path.pbrt,9m14.950s,9,14.95,9.249166667,kdtree,path
2,Ubuntu-22-04-WSL,vw-van_kdtree_volpath.pbrt,13m54.939s,13,54.939,13.91565,kdtree,volpath
2,Ubuntu-22-04-WSL,pavilion-day_bvh_volpath.pbrt,23m9.093s,23,9.093,23.15155,bvh,volpath
2,Ubuntu-22-04-WSL,killeroo-gold_bvh_volpath.pbrt,6m25.196s,6,25.196,6.419933333,bvh,volpath
2,Ubuntu-22-04-WSL,pavilion-day_kdtree_volpath.pbrt,22m34.454s,22,34.454,22.57423333,kdtree,volpath
2,Ubuntu-22-04-WSL,vw-van_bvh_volpath.pbrt,11m4.004s,11,4.004,11.06673333,bvh,volpath
2,Ubuntu-22-04-WSL,dragon-10_kdtree_volpath.pbrt,26m48.397s,26,48.397,26.80661667,kdtree,volpath
2,Ubuntu-22-04-WSL,dragon-10_bvh_volpath.pbrt,10m12.785s,10,12.785,10.21308333,bvh,volpath
2,Ubuntu-22-04-WSL,pavilion-day_kdtree_path.pbrt,19m29.431s,19,29.431,19.49051667,kdtree,path
2,Ubuntu-22-04-WSL,vw-van_kdtree_path.pbrt,13m29.846s,13,29.846,13.49743333,kdtree,path
2,Ubuntu-22-04-WSL,dragon-10_kdtree_path.pbrt,25m58.323s,25,58.323,25.97205,kdtree,path
2,Ubuntu-22-04-WSL,killeroo-gold_kdtree_volpath.pbrt,9m24.935s,9,24.935,9.415583333,kdtree,volpath
2,Ubuntu-22-04-WSL,killeroo-gold_bvh_path.pbrt,6m19.191s,6,19.191,6.31985,bvh,path
2,Ubuntu-22-04-WSL,vw-van_bvh_path.pbrt,10m44.031s,10,44.031,10.73385,bvh,path
2,Ubuntu-22-04,vw-van_bvh_volpath.pbrt,11m34.133s,11,34.133,11.56888333,bvh,volpath
2,Ubuntu-22-04,dragon-10_kdtree_path.pbrt,27m21.528s,27,21.528,27.3588,kdtree,path
2,Ubuntu-22-04,vw-van_kdtree_volpath.pbrt,16m41.519s,16,41.519,16.69198333,kdtree,volpath
2,Ubuntu-22-04,dragon-10_bvh_volpath.pbrt,12m13.468s,12,13.468,12.22446667,bvh,volpath
2,Ubuntu-22-04,vw-van_bvh_path.pbrt,13m14.259s,13,14.259,13.23765,bvh,path
2,Ubuntu-22-04,killeroo-gold_bvh_path.pbrt,8m8.254s,8,8.254,8.137566667,bvh,path
2,Ubuntu-22-04,killeroo-gold_kdtree_volpath.pbrt,12m0.292s,12,0.292,12.00486667,kdtree,volpath
2,Ubuntu-22-04,vw-van_kdtree_path.pbrt,13m25.340s,13,25.34,13.42233333,kdtree,path
2,Ubuntu-22-04,pavilion-day_bvh_path.pbrt,20m19.344s,20,19.344,20.3224,bvh,path
2,Ubuntu-22-04,killeroo-gold_kdtree_path.pbrt,9m4.905s,9,4.905,9.08175,kdtree,path
2,Ubuntu-22-04,dragon-10_bvh_path.pbrt,9m58.110s,9,58.11,9.9685,bvh,path
2,Ubuntu-22-04,pavilion-day_kdtree_volpath.pbrt,22m4.665s,22,4.665,22.07775,kdtree,volpath
2,Ubuntu-22-04,pavilion-day_kdtree_path.pbrt,19m24.558s,19,24.558,19.4093,kdtree,path
2,Ubuntu-22-04,pavilion-day_bvh_volpath.pbrt,22m59.217s,22,59.217,22.98695,bvh,volpath
2,Ubuntu-22-04,dragon-10_kdtree_volpath.pbrt,26m16.242s,26,16.242,26.2707,kdtree,volpath
2,Ubuntu-22-04,killeroo-gold_bvh_volpath.pbrt,6m18.144s,6,18.144,6.3024,bvh,volpath
3,Ubuntu-22-04-VM,pavilion-day_bvh_path.pbrt,22m38.412s,22,38.412,22.6402,bvh,path
3,Ubuntu-22-04-VM,pavilion-day_bvh_volpath.pbrt,25m30.145s,25,30.145,25.50241667,bvh,volpath
3,Ubuntu-22-04-VM,pavilion-day_kdtree_volpath.pbrt,24m30.836s,24,30.836,24.51393333,kdtree,volpath
3,Ubuntu-22-04-VM,vw-van_bvh_volpath.pbrt,12m34.808s,12,34.808,12.58013333,bvh,volpath
3,Ubuntu-22-04-VM,killeroo-gold_kdtree_path.pbrt,9m55.401s,9,55.401,9.92335,kdtree,path
3,Ubuntu-22-04-VM,pavilion-day_kdtree_path.pbrt,21m35.521s,21,35.521,21.59201667,kdtree,path
3,Ubuntu-22-04-VM,dragon-10_bvh_path.pbrt,11m45.857s,11,45.857,11.76428333,bvh,path
3,Ubuntu-22-04-VM,dragon-10_bvh_volpath.pbrt,12m8.429s,12,8.429,12.14048333,bvh,volpath
3,Ubuntu-22-04-VM,killeroo-gold_kdtree_volpath.pbrt,10m10.461s,10,10.461,10.17435,kdtree,volpath
3,Ubuntu-22-04-VM,killeroo-gold_bvh_volpath.pbrt,6m56.653s,6,56.653,6.944216667,bvh,volpath
3,Ubuntu-22-04-VM,dragon-10_kdtree_volpath.pbrt,30m34.324s,30,34.324,30.57206667,kdtree,volpath
3,Ubuntu-22-04-VM,vw-van_kdtree_path.pbrt,15m15.635s,15,15.635,15.26058333,kdtree,path
3,Ubuntu-22-04-VM,vw-van_kdtree_volpath.pbrt,16m0.698s,16,0.698,16.01163333,kdtree,volpath
3,Ubuntu-22-04-VM,dragon-10_kdtree_path.pbrt,29m49.879s,29,49.879,29.83131667,kdtree,path
3,Ubuntu-22-04-VM,vw-van_bvh_path.pbrt,12m19.708s,12,19.708,12.32846667,bvh,path
3,Ubuntu-22-04-VM,killeroo-gold_bvh_path.pbrt,6m49.607s,6,49.607,6.826783333,bvh,path
3,Ubuntu-22-04,dragon-10_bvh_path.pbrt,9m58.268s,9,58.268,9.971133333,bvh,path
3,Ubuntu-22-04,pavilion-day_bvh_path.pbrt,20m19.248s,20,19.248,20.3208,bvh,path
3,Ubuntu-22-04,vw-van_bvh_path.pbrt,10m44.125s,10,44.125,10.73541667,bvh,path
3,Ubuntu-22-04,vw-van_kdtree_volpath.pbrt,13m45.461s,13,45.461,13.75768333,kdtree,volpath
3,Ubuntu-22-04,vw-van_bvh_volpath.pbrt,10m59.160s,10,59.16,10.986,bvh,volpath
3,Ubuntu-22-04,pavilion-day_kdtree_path.pbrt,19m19.574s,19,19.574,19.32623333,kdtree,path
3,Ubuntu-22-04,killeroo-gold_bvh_path.pbrt,6m9.198s,6,9.198,6.1533,bvh,path
3,Ubuntu-22-04,killeroo-gold_kdtree_path.pbrt,9m5.029s,9,5.029,9.083816667,kdtree,path
3,Ubuntu-22-04,dragon-10_kdtree_volpath.pbrt,26m23.575s,26,23.575,26.39291667,kdtree,volpath
3,Ubuntu-22-04,pavilion-day_bvh_volpath.pbrt,22m59.260s,22,59.26,22.98766667,bvh,volpath
3,Ubuntu-22-04,killeroo-gold_bvh_volpath.pbrt,6m18.183s,6,18.183,6.30305,bvh,volpath
3,Ubuntu-22-04,dragon-10_bvh_volpath.pbrt,10m13.063s,10,13.063,10.21771667,bvh,volpath
3,Ubuntu-22-04,killeroo-gold_kdtree_volpath.pbrt,9m14.896s,9,14.896,9.248266667,kdtree,volpath
3,Ubuntu-22-04,pavilion-day_kdtree_volpath.pbrt,21m59.584s,21,59.584,21.99306667,kdtree,volpath
3,Ubuntu-22-04,vw-van_kdtree_path.pbrt,13m19.972s,13,19.972,13.33286667,kdtree,path
3,Ubuntu-22-04,dragon-10_kdtree_path.pbrt,25m43.288s,25,43.288,25.72146667,kdtree,path
3,Ubuntu-22-04-WSL,pavilion-day_kdtree_volpath.pbrt,22m44.477s,22,44.477,22.74128333,kdtree,volpath
3,Ubuntu-22-04-WSL,dragon-10_kdtree_volpath.pbrt,27m23.537s,27,23.537,27.39228333,kdtree,volpath
3,Ubuntu-22-04-WSL,pavilion-day_bvh_path.pbrt,20m49.009s,20,49.009,20.81681667,bvh,path
3,Ubuntu-22-04-WSL,vw-van_kdtree_path.pbrt,13m55.114s,13,55.114,13.91856667,kdtree,path
3,Ubuntu-22-04-WSL,vw-van_bvh_volpath.pbrt,10m23.992s,10,23.992,10.39986667,bvh,volpath
3,Ubuntu-22-04-WSL,pavilion-day_bvh_volpath.pbrt,21m38.907s,21,38.907,21.64845,bvh,volpath
3,Ubuntu-22-04-WSL,dragon-10_kdtree_path.pbrt,24m15.767s,24,15.767,24.26278333,kdtree,path
3,Ubuntu-22-04-WSL,vw-van_kdtree_volpath.pbrt,12m54.294s,12,54.294,12.9049,kdtree,volpath
3,Ubuntu-22-04-WSL,pavilion-day_kdtree_path.pbrt,18m19.237s,18,19.237,18.32061667,kdtree,path
3,Ubuntu-22-04-WSL,killeroo-gold_kdtree_volpath.pbrt,8m44.745s,8,44.745,8.74575,kdtree,volpath
3,Ubuntu-22-04-WSL,killeroo-gold_bvh_path.pbrt,5m52.127s,5,52.127,5.868783333,bvh,path
3,Ubuntu-22-04-WSL,killeroo-gold_bvh_volpath.pbrt,5m56.152s,5,56.152,5.935866667,bvh,volpath
3,Ubuntu-22-04-WSL,dragon-10_bvh_path.pbrt,9m17.358s,9,17.358,9.2893,bvh,path
3,Ubuntu-22-04-WSL,dragon-10_bvh_volpath.pbrt,9m32.455s,9,32.455,9.540916667,bvh,volpath
3,Ubuntu-22-04-WSL,vw-van_bvh_path.pbrt,10m8.887s,10,8.887,10.14811667,bvh,path
3,Ubuntu-22-04-WSL,killeroo-gold_kdtree_path.pbrt,8m29.771s,8,29.771,8.496183333,kdtree,path
3,Ubuntu-22-04-VM-Minimal,killeroo-gold_kdtree_volpath.pbrt,9m55.939s,9,55.939,9.932316667,kdtree,volpath
3,Ubuntu-22-04-VM-Minimal,vw-van_kdtree_path.pbrt,14m52.382s,14,52.382,14.87303333,kdtree,path
3,Ubuntu-22-04-VM-Minimal,vw-van_bvh_path.pbrt,11m59.516s,11,59.516,11.99193333,bvh,path
3,Ubuntu-22-04-VM-Minimal,dragon-10_bvh_volpath.pbrt,11m57.656s,11,57.656,11.96093333,bvh,volpath
3,Ubuntu-22-04-VM-Minimal,killeroo-gold_kdtree_path.pbrt,9m45.286s,9,45.286,9.754766667,kdtree,path
3,Ubuntu-22-04-VM-Minimal,dragon-10_kdtree_volpath.pbrt,29m44.651s,29,44.651,29.74418333,kdtree,volpath
3,Ubuntu-22-04-VM-Minimal,pavilion-day_bvh_volpath.pbrt,25m4.846s,25,4.846,25.08076667,bvh,volpath
3,Ubuntu-22-04-VM-Minimal,vw-van_bvh_volpath.pbrt,12m19.500s,12,19.5,12.325,bvh,volpath
3,Ubuntu-22-04-VM-Minimal,pavilion-day_kdtree_volpath.pbrt,24m15.155s,24,15.155,24.25258333,kdtree,volpath
3,Ubuntu-22-04-VM-Minimal,vw-van_kdtree_volpath.pbrt,15m20.483s,15,20.483,15.34138333,kdtree,volpath
3,Ubuntu-22-04-VM-Minimal,dragon-10_bvh_path.pbrt,11m23.699s,11,23.699,11.39498333,bvh,path
3,Ubuntu-22-04-VM-Minimal,dragon-10_kdtree_path.pbrt,29m24.794s,29,24.794,29.41323333,kdtree,path
3,Ubuntu-22-04-VM-Minimal,pavilion-day_kdtree_path.pbrt,21m15.152s,21,15.152,21.25253333,kdtree,path
3,Ubuntu-22-04-VM-Minimal,pavilion-day_bvh_path.pbrt,22m9.661s,22,9.661,22.16101667,bvh,path
3,Ubuntu-22-04-VM-Minimal,killeroo-gold_bvh_volpath.pbrt,6m51.492s,6,51.492,6.8582,bvh,volpath
3,Ubuntu-22-04-VM-Minimal,killeroo-gold_bvh_path.pbrt,6m45.515s,6,45.515,6.758583333,bvh,path
3,Windows11,dragon-10_kdtree_path.pbrt,32.2669047,,,32.2669047,kdtree,path
3,Windows11,vw-van_bvh_path.pbrt,13.39076509,,,13.39076509,bvh,path
3,Windows11,pavilion-day_bvh_path.pbrt,24.57433154,,,24.57433154,bvh,path
3,Windows11,pavilion-day_bvh_volpath.pbrt,27.91007463,,,27.91007463,bvh,volpath
3,Windows11,vw-van_kdtree_volpath.pbrt,17.99096465,,,17.99096465,kdtree,volpath
3,Windows11,dragon-10_bvh_volpath.pbrt,11.2617176,,,11.2617176,bvh,volpath
3,Windows11,killeroo-gold_bvh_volpath.pbrt,7.900584825,,,7.900584825,bvh,volpath
3,Windows11,dragon-10_bvh_path.pbrt,10.92525264,,,10.92525264,bvh,path
3,Windows11,killeroo-gold_kdtree_volpath.pbrt,12.55201062,,,12.55201062,kdtree,volpath
3,Windows11,vw-van_kdtree_path.pbrt,17.50600517,,,17.50600517,kdtree,path
3,Windows11,killeroo-gold_bvh_path.pbrt,7.788849522,,,7.788849522,bvh,path
3,Windows11,dragon-10_kdtree_volpath.pbrt,33.24828899,,,33.24828899,kdtree,volpath
3,Windows11,pavilion-day_kdtree_volpath.pbrt,28.75864996,,,28.75864996,kdtree,volpath
3,Windows11,pavilion-day_kdtree_path.pbrt,25.49583312,,,25.49583312,kdtree,path
3,Windows11,killeroo-gold_kdtree_path.pbrt,12.06246215,,,12.06246215,kdtree,path
3,Windows11,vw-van_bvh_volpath.pbrt,14.06021951,,,14.06021951,bvh,volpath
4,Windows11,dragon-10_bvh_volpath.pbrt,11.88586134,,,11.88586134,bvh,volpath
4,Windows11,killeroo-gold_bvh_path.pbrt,7.840889802,,,7.840889802,bvh,path
4,Windows11,pavilion-day_kdtree_volpath.pbrt,28.93146915,,,28.93146915,kdtree,volpath
4,Windows11,pavilion-day_kdtree_path.pbrt,25.58759444,,,25.58759444,kdtree,path
4,Windows11,vw-van_kdtree_path.pbrt,17.66285936,,,17.66285936,kdtree,path
4,Windows11,pavilion-day_bvh_path.pbrt,24.83310989,,,24.83310989,bvh,path
4,Windows11,killeroo-gold_bvh_volpath.pbrt,8.077185143,,,8.077185143,bvh,volpath
4,Windows11,vw-van_bvh_volpath.pbrt,14.316749,,,14.316749,bvh,volpath
4,Windows11,dragon-10_kdtree_volpath.pbrt,34.42970978,,,34.42970978,kdtree,volpath
4,Windows11,vw-van_kdtree_volpath.pbrt,18.50624122,,,18.50624122,kdtree,volpath
4,Windows11,vw-van_bvh_path.pbrt,13.90155246,,,13.90155246,bvh,path
4,Windows11,dragon-10_kdtree_path.pbrt,34.09390102,,,34.09390102,kdtree,path
4,Windows11,pavilion-day_bvh_volpath.pbrt,28.00639342,,,28.00639342,bvh,volpath
4,Windows11,dragon-10_bvh_path.pbrt,12.19322715,,,12.19322715,bvh,path
4,Windows11,killeroo-gold_kdtree_path.pbrt,12.30603443,,,12.30603443,kdtree,path
4,Windows11,killeroo-gold_kdtree_volpath.pbrt,12.72638526,,,12.72638526,kdtree,volpath
4,Ubuntu-22-04-VM,killeroo-gold_kdtree_path.pbrt,14m52.446s,14,52.446,14.8741,kdtree,path
4,Ubuntu-22-04-VM,vw-van_kdtree_path.pbrt,25m1.696s,25,1.696,25.02826667,kdtree,path
4,Ubuntu-22-04-VM,pavilion-day_bvh_volpath.pbrt,11m26.199s,11,26.199,11.43665,bvh,volpath
4,Ubuntu-22-04-VM,dragon-10_bvh_path.pbrt,24m5.168s,24,5.168,24.08613333,bvh,path
4,Ubuntu-22-04-VM,pavilion-day_kdtree_volpath.pbrt,6m47.449s,6,47.449,6.790816667,kdtree,volpath
4,Ubuntu-22-04-VM,killeroo-gold_bvh_volpath.pbrt,15m20.415s,15,20.415,15.34025,bvh,volpath
4,Ubuntu-22-04-VM,vw-van_kdtree_volpath.pbrt,12m19.468s,12,19.468,12.32446667,kdtree,volpath
4,Ubuntu-22-04-VM,vw-van_bvh_volpath.pbrt,11m54.491s,11,54.491,11.90818333,bvh,volpath
4,Ubuntu-22-04-VM,vw-van_bvh_path.pbrt,28m54.328s,28,54.328,28.90546667,bvh,path
4,Ubuntu-22-04-VM,dragon-10_kdtree_path.pbrt,6m42.527s,6,42.527,6.708783333,kdtree,path
4,Ubuntu-22-04-VM,killeroo-gold_bvh_path.pbrt,11m43.581s,11,43.581,11.72635,bvh,path
4,Ubuntu-22-04-VM,dragon-10_bvh_volpath.pbrt,22m9.746s,22,9.746,22.16243333,bvh,volpath
4,Ubuntu-22-04-VM,pavilion-day_bvh_path.pbrt,21m10.184s,21,10.184,21.16973333,bvh,path
4,Ubuntu-22-04-VM,pavilion-day_kdtree_path.pbrt,29m39.328s,29,39.328,29.65546667,kdtree,path
4,Ubuntu-22-04-VM,dragon-10_kdtree_volpath.pbrt,10m0.249s,10,0.249,10.00415,kdtree,volpath
4,Ubuntu-22-04-VM,killeroo-gold_kdtree_volpath.pbrt,9m40.420s,9,40.42,9.673666667,kdtree,volpath
4,Ubuntu-22-04-VM-Minimal,pavilion-day_kdtree_volpath.pbrt,9m55.939s,9,55.939,9.932316667,kdtree,volpath
4,Ubuntu-22-04-VM-Minimal,pavilion-day_bvh_path.pbrt,14m52.382s,14,52.382,14.87303333,bvh,path
4,Ubuntu-22-04-VM-Minimal,killeroo-gold_bvh_volpath.pbrt,11m59.516s,11,59.516,11.99193333,bvh,volpath
4,Ubuntu-22-04-VM-Minimal,vw-van_kdtree_path.pbrt,11m57.656s,11,57.656,11.96093333,kdtree,path
4,Ubuntu-22-04-VM-Minimal,vw-van_bvh_volpath.pbrt,9m45.286s,9,45.286,9.754766667,bvh,volpath
4,Ubuntu-22-04-VM-Minimal,killeroo-gold_bvh_path.pbrt,29m44.651s,29,44.651,29.74418333,bvh,path
4,Ubuntu-22-04-VM-Minimal,pavilion-day_kdtree_path.pbrt,25m4.846s,25,4.846,25.08076667,kdtree,path
4,Ubuntu-22-04-VM-Minimal,dragon-10_bvh_volpath.pbrt,12m19.500s,12,19.5,12.325,bvh,volpath
4,Ubuntu-22-04-VM-Minimal,killeroo-gold_kdtree_volpath.pbrt,24m15.155s,24,15.155,24.25258333,kdtree,volpath
4,Ubuntu-22-04-VM-Minimal,pavilion-day_bvh_volpath.pbrt,15m20.483s,15,20.483,15.34138333,bvh,volpath
4,Ubuntu-22-04-VM-Minimal,dragon-10_bvh_path.pbrt,11m23.699s,11,23.699,11.39498333,bvh,path
4,Ubuntu-22-04-VM-Minimal,dragon-10_kdtree_path.pbrt,29m24.794s,29,24.794,29.41323333,kdtree,path
4,Ubuntu-22-04-VM-Minimal,killeroo-gold_kdtree_path.pbrt,21m15.152s,21,15.152,21.25253333,kdtree,path
4,Ubuntu-22-04-VM-Minimal,vw-van_bvh_path.pbrt,22m9.661s,22,9.661,22.16101667,bvh,path
4,Ubuntu-22-04-VM-Minimal,vw-van_kdtree_volpath.pbrt,6m51.492s,6,51.492,6.8582,kdtree,volpath
4,Ubuntu-22-04-VM-Minimal,dragon-10_kdtree_volpath.pbrt,6m45.515s,6,45.515,6.758583333,kdtree,volpath
4,Ubuntu-22-04,killeroo-gold_bvh_path.pbrt,6m15.224s,6,15.224,6.253733333,bvh,path
4,Ubuntu-22-04,killeroo-gold_kdtree_volpath.pbrt,9m19.911s,9,19.911,9.33185,kdtree,volpath
4,Ubuntu-22-04,vw-van_kdtree_volpath.pbrt,13m50.509s,13,50.509,13.84181667,kdtree,volpath
4,Ubuntu-22-04,pavilion-day_bvh_volpath.pbrt,22m59.176s,22,59.176,22.98626667,bvh,volpath
4,Ubuntu-22-04,dragon-10_kdtree_volpath.pbrt,26m26.457s,26,26.457,26.44095,kdtree,volpath
4,Ubuntu-22-04,vw-van_bvh_volpath.pbrt,11m4.074s,11,4.074,11.0679,bvh,volpath
4,Ubuntu-22-04,dragon-10_kdtree_path.pbrt,25m44.375s,25,44.375,25.73958333,kdtree,path
4,Ubuntu-22-04,pavilion-day_kdtree_path.pbrt,19m24.587s,19,24.587,19.40978333,kdtree,path
4,Ubuntu-22-04,killeroo-gold_bvh_volpath.pbrt,6m18.185s,6,18.185,6.303083333,bvh,volpath
4,Ubuntu-22-04,vw-van_kdtree_path.pbrt,13m29.934s,13,29.934,13.4989,kdtree,path
4,Ubuntu-22-04,killeroo-gold_kdtree_path.pbrt,9m4.998s,9,4.998,9.0833,kdtree,path
4,Ubuntu-22-04,vw-van_bvh_path.pbrt,10m44.140s,10,44.14,10.73566667,bvh,path
4,Ubuntu-22-04,dragon-10_bvh_volpath.pbrt,10m18.005s,10,18.005,10.30008333,bvh,volpath
4,Ubuntu-22-04,dragon-10_bvh_path.pbrt,9m58.291s,9,58.291,9.971516667,bvh,path
4,Ubuntu-22-04,pavilion-day_kdtree_volpath.pbrt,21m59.610s,21,59.61,21.9935,kdtree,volpath
4,Ubuntu-22-04,pavilion-day_bvh_path.pbrt,20m19.238s,20,19.238,20.32063333,bvh,path
4,Ubuntu-22-04-WSL,pavilion-day_bvh_volpath.pbrt,22m59.156s,22,59.156,22.98593333,bvh,volpath
4,Ubuntu-22-04-WSL,vw-van_bvh_path.pbrt,10m39.102s,10,39.102,10.6517,bvh,path
4,Ubuntu-22-04-WSL,vw-van_kdtree_path.pbrt,13m29.849s,13,29.849,13.49748333,kdtree,path
4,Ubuntu-22-04-WSL,vw-van_kdtree_volpath.pbrt,13m39.881s,13,39.881,13.66468333,kdtree,volpath
4,Ubuntu-22-04-WSL,killeroo-gold_kdtree_volpath.pbrt,9m19.886s,9,19.886,9.331433333,kdtree,volpath
4,Ubuntu-22-04-WSL,killeroo-gold_kdtree_path.pbrt,9m4.863s,9,4.863,9.08105,kdtree,path
4,Ubuntu-22-04-WSL,dragon-10_bvh_volpath.pbrt,10m7.936s,10,7.936,10.13226667,bvh,volpath
4,Ubuntu-22-04-WSL,pavilion-day_kdtree_path.pbrt,19m14.399s,19,14.399,19.23998333,kdtree,path
4,Ubuntu-22-04-WSL,pavilion-day_bvh_path.pbrt,20m28.998s,20,28.998,20.4833,bvh,path
4,Ubuntu-22-04-WSL,dragon-10_kdtree_path.pbrt,25m38.159s,25,38.159,25.63598333,kdtree,path
4,Ubuntu-22-04-WSL,killeroo-gold_bvh_volpath.pbrt,6m20.182s,6,20.182,6.336366667,bvh,volpath
4,Ubuntu-22-04-WSL,killeroo-gold_bvh_path.pbrt,6m13.191s,6,13.191,6.21985,bvh,path
4,Ubuntu-22-04-WSL,dragon-10_bvh_path.pbrt,9m47.835s,9,47.835,9.79725,bvh,path
4,Ubuntu-22-04-WSL,pavilion-day_kdtree_volpath.pbrt,21m49.439s,21,49.439,21.82398333,kdtree,volpath
4,Ubuntu-22-04-WSL,dragon-10_kdtree_volpath.pbrt,26m18.106s,26,18.106,26.30176667,kdtree,volpath
4,Ubuntu-22-04-WSL,vw-van_bvh_volpath.pbrt,11m4.032s,11,4.032,11.0672,bvh,volpath
5,Ubuntu-22-04-VM,dragon-10_kdtree_path.pbrt,28m39.890s,28,39.89,28.66483333,kdtree,path
5,Ubuntu-22-04-VM,pavilion-day_kdtree_path.pbrt,20m55.280s,20,55.28,20.92133333,kdtree,path
5,Ubuntu-22-04-VM,dragon-10_bvh_path.pbrt,11m25.103s,11,25.103,11.41838333,bvh,path
5,Ubuntu-22-04-VM,killeroo-gold_kdtree_volpath.pbrt,9m55.246s,9,55.246,9.920766667,kdtree,volpath
5,Ubuntu-22-04-VM,killeroo-gold_bvh_volpath.pbrt,6m47.472s,6,47.472,6.7912,bvh,volpath
5,Ubuntu-22-04-VM,pavilion-day_kdtree_volpath.pbrt,23m45.142s,23,45.142,23.75236667,kdtree,volpath
5,Ubuntu-22-04-VM,killeroo-gold_bvh_path.pbrt,6m38.454s,6,38.454,6.6409,bvh,path
5,Ubuntu-22-04-VM,pavilion-day_bvh_volpath.pbrt,24m49.808s,24,49.808,24.83013333,bvh,volpath
5,Ubuntu-22-04-VM,pavilion-day_bvh_path.pbrt,21m49.683s,21,49.683,21.82805,bvh,path
5,Ubuntu-22-04-VM,dragon-10_kdtree_volpath.pbrt,29m34.412s,29,34.412,29.57353333,kdtree,volpath
5,Ubuntu-22-04-VM,vw-van_bvh_path.pbrt,11m54.679s,11,54.679,11.91131667,bvh,path
5,Ubuntu-22-04-VM,dragon-10_bvh_volpath.pbrt,11m49.049s,11,49.049,11.81748333,bvh,volpath
5,Ubuntu-22-04-VM,vw-van_kdtree_path.pbrt,14m45.467s,14,45.467,14.75778333,kdtree,path
5,Ubuntu-22-04-VM,vw-van_kdtree_volpath.pbrt,15m15.394s,15,15.394,15.25656667,kdtree,volpath
5,Ubuntu-22-04-VM,vw-van_bvh_volpath.pbrt,12m19.521s,12,19.521,12.32535,bvh,volpath
5,Ubuntu-22-04-VM,killeroo-gold_kdtree_path.pbrt,9m40.237s,9,40.237,9.670616667,kdtree,path
5,Windows11,vw-van_kdtree_path.pbrt,17.27374776,,,17.27374776,kdtree,path
5,Windows11,killeroo-gold_kdtree_path.pbrt,11.80283401,,,11.80283401,kdtree,path
5,Windows11,pavilion-day_kdtree_path.pbrt,25.66638958,,,25.66638958,kdtree,path
5,Windows11,killeroo-gold_bvh_volpath.pbrt,7.826793232,,,7.826793232,bvh,volpath
5,Windows11,pavilion-day_kdtree_volpath.pbrt,29.00293679,,,29.00293679,kdtree,volpath
5,Windows11,dragon-10_bvh_path.pbrt,10.84142624,,,10.84142624,bvh,path
5,Windows11,vw-van_kdtree_volpath.pbrt,17.91542135,,,17.91542135,kdtree,volpath
5,Windows11,dragon-10_bvh_volpath.pbrt,11.26286869,,,11.26286869,bvh,volpath
5,Windows11,pavilion-day_bvh_path.pbrt,24.90645069,,,24.90645069,bvh,path
5,Windows11,dragon-10_kdtree_volpath.pbrt,32.92025364,,,32.92025364,kdtree,volpath
5,Windows11,vw-van_bvh_volpath.pbrt,13.89245335,,,13.89245335,bvh,volpath
5,Windows11,killeroo-gold_bvh_path.pbrt,7.796407248,,,7.796407248,bvh,path
5,Windows11,killeroo-gold_kdtree_volpath.pbrt,12.5553028,,,12.5553028,kdtree,volpath
5,Windows11,vw-van_bvh_path.pbrt,13.56182857,,,13.56182857,bvh,path
5,Windows11,dragon-10_kdtree_path.pbrt,32.41780896,,,32.41780896,kdtree,path
5,Windows11,pavilion-day_bvh_volpath.pbrt,28.0940938,,,28.0940938,bvh,volpath
5,Ubuntu-22-04-WSL,pavilion-day_kdtree_volpath.pbrt,22m9.518s,22,9.518,22.15863333,kdtree,volpath
5,Ubuntu-22-04-WSL,vw-van_kdtree_path.pbrt,13m25.053s,13,25.053,13.41755,kdtree,path
5,Ubuntu-22-04-WSL,dragon-10_kdtree_volpath.pbrt,26m24.316s,26,24.316,26.40526667,kdtree,volpath
5,Ubuntu-22-04-WSL,vw-van_bvh_path.pbrt,10m49.102s,10,49.102,10.81836667,bvh,path
5,Ubuntu-22-04-WSL,killeroo-gold_bvh_volpath.pbrt,6m22.202s,6,22.202,6.370033333,bvh,volpath
5,Ubuntu-22-04-WSL,killeroo-gold_kdtree_path.pbrt,9m24.967s,9,24.967,9.416116667,kdtree,path
5,Ubuntu-22-04-WSL,dragon-10_bvh_volpath.pbrt,10m7.832s,10,7.832,10.13053333,bvh,volpath
5,Ubuntu-22-04-WSL,vw-van_bvh_volpath.pbrt,11m9.024s,11,9.024,11.1504,bvh,volpath
5,Ubuntu-22-04-WSL,vw-van_kdtree_volpath.pbrt,13m39.791s,13,39.791,13.66318333,kdtree,volpath
5,Ubuntu-22-04-WSL,killeroo-gold_bvh_path.pbrt,6m10.187s,6,10.187,6.169783333,bvh,path
5,Ubuntu-22-04-WSL,dragon-10_kdtree_path.pbrt,26m8.651s,26,8.651,26.14418333,kdtree,path
5,Ubuntu-22-04-WSL,dragon-10_bvh_path.pbrt,9m47.843s,9,47.843,9.797383333,bvh,path
5,Ubuntu-22-04-WSL,killeroo-gold_kdtree_volpath.pbrt,9m29.933s,9,29.933,9.498883333,kdtree,volpath
5,Ubuntu-22-04-WSL,pavilion-day_kdtree_path.pbrt,19m19.433s,19,19.433,19.32388333,kdtree,path
5,Ubuntu-22-04-WSL,pavilion-day_bvh_volpath.pbrt,22m48.996s,22,48.996,22.8166,bvh,volpath
5,Ubuntu-22-04-WSL,pavilion-day_bvh_path.pbrt,20m23.992s,20,23.992,20.39986667,bvh,path
5,Ubuntu-22-04,killeroo-gold_kdtree_path.pbrt,9m4.903s,9,4.903,9.081716667,kdtree,path
5,Ubuntu-22-04,pavilion-day_bvh_volpath.pbrt,22m54.186s,22,54.186,22.9031,bvh,volpath
5,Ubuntu-22-04,vw-van_kdtree_path.pbrt,13m20.544s,13,20.544,13.3424,kdtree,path
5,Ubuntu-22-04,pavilion-day_bvh_path.pbrt,20m9.199s,20,9.199,20.15331667,bvh,path
5,Ubuntu-22-04,vw-van_kdtree_volpath.pbrt,13m44.771s,13,44.771,13.74618333,kdtree,volpath
5,Ubuntu-22-04,dragon-10_bvh_volpath.pbrt,10m18.001s,10,18.001,10.30001667,bvh,volpath
5,Ubuntu-22-04,dragon-10_bvh_path.pbrt,10m2.928s,10,2.928,10.0488,bvh,path
5,Ubuntu-22-04,killeroo-gold_bvh_volpath.pbrt,6m17.128s,6,17.128,6.285466667,bvh,volpath
5,Ubuntu-22-04,pavilion-day_kdtree_volpath.pbrt,21m59.582s,21,59.582,21.99303333,kdtree,volpath
5,Ubuntu-22-04,killeroo-gold_bvh_path.pbrt,6m9.132s,6,9.132,6.1522,bvh,path
5,Ubuntu-22-04,killeroo-gold_kdtree_volpath.pbrt,9m14.911s,9,14.911,9.248516667,kdtree,volpath
5,Ubuntu-22-04,dragon-10_kdtree_volpath.pbrt,26m16.350s,26,16.35,26.2725,kdtree,volpath
5,Ubuntu-22-04,vw-van_bvh_path.pbrt,10m39.148s,10,39.148,10.65246667,bvh,path
5,Ubuntu-22-04,dragon-10_kdtree_path.pbrt,25m45.474s,25,45.474,25.7579,kdtree,path
5,Ubuntu-22-04,pavilion-day_kdtree_path.pbrt,19m19.582s,19,19.582,19.32636667,kdtree,path
5,Ubuntu-22-04,vw-van_bvh_volpath.pbrt,10m59.158s,10,59.158,10.98596667,bvh,volpath
5,Ubuntu-22-04-VM-Minimal,pavilion-day_bvh_path.pbrt,21m38.826s,21,38.826,21.6471,bvh,path
5,Ubuntu-22-04-VM-Minimal,vw-van_kdtree_path.pbrt,14m40.501s,14,40.501,14.67501667,kdtree,path
5,Ubuntu-22-04-VM-Minimal,vw-van_bvh_volpath.pbrt,12m9.459s,12,9.459,12.15765,bvh,volpath
5,Ubuntu-22-04-VM-Minimal,killeroo-gold_kdtree_path.pbrt,9m35.255s,9,35.255,9.587583333,kdtree,path
5,Ubuntu-22-04-VM-Minimal,dragon-10_kdtree_volpath.pbrt,29m5.941s,29,5.941,29.09901667,kdtree,volpath
5,Ubuntu-22-04-VM-Minimal,dragon-10_bvh_volpath.pbrt,11m50.587s,11,50.587,11.84311667,bvh,volpath
5,Ubuntu-22-04-VM-Minimal,pavilion-day_bvh_volpath.pbrt,24m39.875s,24,39.875,24.66458333,bvh,volpath
5,Ubuntu-22-04-VM-Minimal,dragon-10_kdtree_path.pbrt,28m59.368s,28,59.368,28.98946667,kdtree,path
5,Ubuntu-22-04-VM-Minimal,killeroo-gold_bvh_volpath.pbrt,6m47.435s,6,47.435,6.790583333,bvh,volpath
5,Ubuntu-22-04-VM-Minimal,vw-van_kdtree_volpath.pbrt,15m10.363s,15,10.363,15.17271667,kdtree,volpath
5,Ubuntu-22-04-VM-Minimal,pavilion-day_kdtree_volpath.pbrt,23m45.079s,23,45.079,23.75131667,kdtree,volpath
5,Ubuntu-22-04-VM-Minimal,pavilion-day_kdtree_path.pbrt,20m55.079s,20,55.079,20.91798333,kdtree,path
5,Ubuntu-22-04-VM-Minimal,killeroo-gold_bvh_path.pbrt,6m38.423s,6,38.423,6.640383333,bvh,path
5,Ubuntu-22-04-VM-Minimal,vw-van_bvh_path.pbrt,11m54.478s,11,54.478,11.90796667,bvh,path
5,Ubuntu-22-04-VM-Minimal,killeroo-gold_kdtree_volpath.pbrt,9m55.196s,9,55.196,9.919933333,kdtree,volpath
5,Ubuntu-22-04-VM-Minimal,dragon-10_bvh_path.pbrt,11m28.728s,11,28.728,11.4788,bvh,path
